--------------------------------------------------------
-- Archivo creado  - jueves-julio-02-2020   
--------------------------------------------------------
--------------------------------------------------------
--  DDL for Table ACCIDENTES
--------------------------------------------------------

  CREATE TABLE "UCH"."ACCIDENTES" 
   (	"IDACCIDENTE" NUMBER, 
	"FECHA" VARCHAR2(10 BYTE), 
	"HORA" VARCHAR2(10 BYTE), 
	"SUCESO" VARCHAR2(500 BYTE), 
	"LUGAR" VARCHAR2(100 BYTE), 
	"CLIENTE_ID" NUMBER
   ) SEGMENT CREATION IMMEDIATE 
  PCTFREE 10 PCTUSED 40 INITRANS 1 MAXTRANS 255 NOCOMPRESS LOGGING
  STORAGE(INITIAL 65536 NEXT 1048576 MINEXTENTS 1 MAXEXTENTS 2147483645
  PCTINCREASE 0 FREELISTS 1 FREELIST GROUPS 1 BUFFER_POOL DEFAULT FLASH_CACHE DEFAULT CELL_FLASH_CACHE DEFAULT)
  TABLESPACE "SYSTEM" ;
--------------------------------------------------------
--  DDL for Table ASESORIAS
--------------------------------------------------------

  CREATE TABLE "UCH"."ASESORIAS" 
   (	"IDASESORIA" NUMBER, 
	"DETALLE" VARCHAR2(500 BYTE), 
	"GESTION" VARCHAR2(500 BYTE), 
	"PROPUESTAS" VARCHAR2(500 BYTE), 
	"FECHA" VARCHAR2(10 BYTE), 
	"ESPECIAL" VARCHAR2(5 BYTE), 
	"VISITAS_IDVISITA" NUMBER
   ) SEGMENT CREATION IMMEDIATE 
  PCTFREE 10 PCTUSED 40 INITRANS 1 MAXTRANS 255 NOCOMPRESS LOGGING
  STORAGE(INITIAL 65536 NEXT 1048576 MINEXTENTS 1 MAXEXTENTS 2147483645
  PCTINCREASE 0 FREELISTS 1 FREELIST GROUPS 1 BUFFER_POOL DEFAULT FLASH_CACHE DEFAULT CELL_FLASH_CACHE DEFAULT)
  TABLESPACE "SYSTEM" ;
--------------------------------------------------------
--  DDL for Table CAPACITACIONES
--------------------------------------------------------

  CREATE TABLE "UCH"."CAPACITACIONES" 
   (	"IDCAPACITACION" NUMBER, 
	"FECHA" VARCHAR2(10 BYTE), 
	"HORA" VARCHAR2(5 BYTE), 
	"NUMASISTENTES" NUMBER, 
	"VISITAS_IDVISITA" NUMBER
   ) SEGMENT CREATION IMMEDIATE 
  PCTFREE 10 PCTUSED 40 INITRANS 1 MAXTRANS 255 NOCOMPRESS LOGGING
  STORAGE(INITIAL 65536 NEXT 1048576 MINEXTENTS 1 MAXEXTENTS 2147483645
  PCTINCREASE 0 FREELISTS 1 FREELIST GROUPS 1 BUFFER_POOL DEFAULT FLASH_CACHE DEFAULT CELL_FLASH_CACHE DEFAULT)
  TABLESPACE "SYSTEM" ;
--------------------------------------------------------
--  DDL for Table CHEQUEO
--------------------------------------------------------

  CREATE TABLE "UCH"."CHEQUEO" 
   (	"IDCHEQUEO" NUMBER, 
	"DETALLE" VARCHAR2(30 BYTE), 
	"ESTADO" VARCHAR2(15 BYTE), 
	"VISITAS_IDVISITA" NUMBER
   ) SEGMENT CREATION IMMEDIATE 
  PCTFREE 10 PCTUSED 40 INITRANS 1 MAXTRANS 255 NOCOMPRESS LOGGING
  STORAGE(INITIAL 65536 NEXT 1048576 MINEXTENTS 1 MAXEXTENTS 2147483645
  PCTINCREASE 0 FREELISTS 1 FREELIST GROUPS 1 BUFFER_POOL DEFAULT FLASH_CACHE DEFAULT CELL_FLASH_CACHE DEFAULT)
  TABLESPACE "SYSTEM" ;
--------------------------------------------------------
--  DDL for Table CLIENTE
--------------------------------------------------------

  CREATE TABLE "UCH"."CLIENTE" 
   (	"ID" NUMBER, 
	"NOMBRE" VARCHAR2(50 BYTE), 
	"TELEFONO" NUMBER, 
	"CORREOELECTRONICO" VARCHAR2(50 BYTE), 
	"RUBRO" VARCHAR2(30 BYTE), 
	"DIRECCION" VARCHAR2(100 BYTE)
   ) SEGMENT CREATION IMMEDIATE 
  PCTFREE 10 PCTUSED 40 INITRANS 1 MAXTRANS 255 NOCOMPRESS LOGGING
  STORAGE(INITIAL 65536 NEXT 1048576 MINEXTENTS 1 MAXEXTENTS 2147483645
  PCTINCREASE 0 FREELISTS 1 FREELIST GROUPS 1 BUFFER_POOL DEFAULT FLASH_CACHE DEFAULT CELL_FLASH_CACHE DEFAULT)
  TABLESPACE "SYSTEM" ;
--------------------------------------------------------
--  DDL for Table EMPLEADO
--------------------------------------------------------

  CREATE TABLE "UCH"."EMPLEADO" 
   (	"IDEMPLEADO" NUMBER, 
	"NOMBRE" VARCHAR2(100 BYTE), 
	"ESPECIALIDAD" VARCHAR2(50 BYTE)
   ) SEGMENT CREATION IMMEDIATE 
  PCTFREE 10 PCTUSED 40 INITRANS 1 MAXTRANS 255 NOCOMPRESS LOGGING
  STORAGE(INITIAL 65536 NEXT 1048576 MINEXTENTS 1 MAXEXTENTS 2147483645
  PCTINCREASE 0 FREELISTS 1 FREELIST GROUPS 1 BUFFER_POOL DEFAULT FLASH_CACHE DEFAULT CELL_FLASH_CACHE DEFAULT)
  TABLESPACE "SYSTEM" ;
--------------------------------------------------------
--  DDL for Table MEJORAS
--------------------------------------------------------

  CREATE TABLE "UCH"."MEJORAS" 
   (	"IDMEJORA" NUMBER, 
	"FECHA" VARCHAR2(10 BYTE), 
	"MOTIVO" VARCHAR2(500 BYTE), 
	"ACTIVIDADES" VARCHAR2(500 BYTE), 
	"ESTADO" VARCHAR2(5 BYTE), 
	"CLIENTE_ID" NUMBER
   ) SEGMENT CREATION IMMEDIATE 
  PCTFREE 10 PCTUSED 40 INITRANS 1 MAXTRANS 255 NOCOMPRESS LOGGING
  STORAGE(INITIAL 65536 NEXT 1048576 MINEXTENTS 1 MAXEXTENTS 2147483645
  PCTINCREASE 0 FREELISTS 1 FREELIST GROUPS 1 BUFFER_POOL DEFAULT FLASH_CACHE DEFAULT CELL_FLASH_CACHE DEFAULT)
  TABLESPACE "SYSTEM" ;
--------------------------------------------------------
--  DDL for Table PAGOS
--------------------------------------------------------

  CREATE TABLE "UCH"."PAGOS" 
   (	"IDPAGO" NUMBER, 
	"MESANIO" VARCHAR2(7 BYTE), 
	"MONTOREGULAR" NUMBER, 
	"MONTOADICIONALES" NUMBER, 
	"CLIENTE_ID" NUMBER
   ) SEGMENT CREATION IMMEDIATE 
  PCTFREE 10 PCTUSED 40 INITRANS 1 MAXTRANS 255 NOCOMPRESS LOGGING
  STORAGE(INITIAL 65536 NEXT 1048576 MINEXTENTS 1 MAXEXTENTS 2147483645
  PCTINCREASE 0 FREELISTS 1 FREELIST GROUPS 1 BUFFER_POOL DEFAULT FLASH_CACHE DEFAULT CELL_FLASH_CACHE DEFAULT)
  TABLESPACE "SYSTEM" ;
--------------------------------------------------------
--  DDL for Table VISITAS
--------------------------------------------------------

  CREATE TABLE "UCH"."VISITAS" 
   (	"IDVISITA" NUMBER, 
	"DIRECCION" VARCHAR2(100 BYTE), 
	"CIUDAD" VARCHAR2(50 BYTE), 
	"FECHA" VARCHAR2(10 BYTE), 
	"RESUMEN" VARCHAR2(500 BYTE), 
	"OBSERVACIONES" VARCHAR2(500 BYTE), 
	"CLIENTE_ID" NUMBER, 
	"EMPLEADO_IDEMPLEADO" NUMBER
   ) SEGMENT CREATION IMMEDIATE 
  PCTFREE 10 PCTUSED 40 INITRANS 1 MAXTRANS 255 NOCOMPRESS LOGGING
  STORAGE(INITIAL 65536 NEXT 1048576 MINEXTENTS 1 MAXEXTENTS 2147483645
  PCTINCREASE 0 FREELISTS 1 FREELIST GROUPS 1 BUFFER_POOL DEFAULT FLASH_CACHE DEFAULT CELL_FLASH_CACHE DEFAULT)
  TABLESPACE "SYSTEM" ;
REM INSERTING into UCH.ACCIDENTES
SET DEFINE OFF;
Insert into UCH.ACCIDENTES (IDACCIDENTE,FECHA,HORA,SUCESO,LUGAR,CLIENTE_ID) values ('81','03-03-2002','23:00','Caida Techo ','Faena ','123');
Insert into UCH.ACCIDENTES (IDACCIDENTE,FECHA,HORA,SUCESO,LUGAR,CLIENTE_ID) values ('82','07-09-2017','9:00','Choque Automovilistico ','Estacionamiento','124');
Insert into UCH.ACCIDENTES (IDACCIDENTE,FECHA,HORA,SUCESO,LUGAR,CLIENTE_ID) values ('342','03-04-2020','20:00','Caida Internet','Viña del mar ','123');
Insert into UCH.ACCIDENTES (IDACCIDENTE,FECHA,HORA,SUCESO,LUGAR,CLIENTE_ID) values ('564','03-04-2020','5:00','Choque','Los Andes','123');
Insert into UCH.ACCIDENTES (IDACCIDENTE,FECHA,HORA,SUCESO,LUGAR,CLIENTE_ID) values ('213','324234','22:00','asdasd','asdasd','123');
REM INSERTING into UCH.ASESORIAS
SET DEFINE OFF;
Insert into UCH.ASESORIAS (IDASESORIA,DETALLE,GESTION,PROPUESTAS,FECHA,ESPECIAL,VISITAS_IDVISITA) values ('91','Documentación legal accidente ','Gestion de Accidente','Realizar Archivos de Documentacion en caso de Emergencia ','08-03-2007','no','1');
Insert into UCH.ASESORIAS (IDASESORIA,DETALLE,GESTION,PROPUESTAS,FECHA,ESPECIAL,VISITAS_IDVISITA) values ('92','Prevencion de Riesgos Laborales ','GEstion de Riesgos en Faena ','Realizar capacitacion a los empleado sobre utilización de elementos de seguridad','09-09-2010','si','2');
REM INSERTING into UCH.CAPACITACIONES
SET DEFINE OFF;
Insert into UCH.CAPACITACIONES (IDCAPACITACION,FECHA,HORA,NUMASISTENTES,VISITAS_IDVISITA) values ('100','01-06-2020','13:30','150','1');
Insert into UCH.CAPACITACIONES (IDCAPACITACION,FECHA,HORA,NUMASISTENTES,VISITAS_IDVISITA) values ('102','06-06-2020','17:30','100','2');
Insert into UCH.CAPACITACIONES (IDCAPACITACION,FECHA,HORA,NUMASISTENTES,VISITAS_IDVISITA) values ('12','12','12','12','3');
Insert into UCH.CAPACITACIONES (IDCAPACITACION,FECHA,HORA,NUMASISTENTES,VISITAS_IDVISITA) values ('324','06/06/2020','22:00','4','3');
Insert into UCH.CAPACITACIONES (IDCAPACITACION,FECHA,HORA,NUMASISTENTES,VISITAS_IDVISITA) values ('34','06/12/2020','22:00','65','4');
REM INSERTING into UCH.CHEQUEO
SET DEFINE OFF;
Insert into UCH.CHEQUEO (IDCHEQUEO,DETALLE,ESTADO,VISITAS_IDVISITA) values ('1','Chequeo ok','si','1');
Insert into UCH.CHEQUEO (IDCHEQUEO,DETALLE,ESTADO,VISITAS_IDVISITA) values ('2','Chequeo ok','no','2');
REM INSERTING into UCH.CLIENTE
SET DEFINE OFF;
Insert into UCH.CLIENTE (ID,NOMBRE,TELEFONO,CORREOELECTRONICO,RUBRO,DIRECCION) values ('123','javier Gonzalez','95485214','javier@123.cl','construccion','tucasa 123, tupobla');
Insert into UCH.CLIENTE (ID,NOMBRE,TELEFONO,CORREOELECTRONICO,RUBRO,DIRECCION) values ('124','Marcela Carrillo','54786219','marcela@124.cl','mineria','calle 123. pobla');
Insert into UCH.CLIENTE (ID,NOMBRE,TELEFONO,CORREOELECTRONICO,RUBRO,DIRECCION) values ('125','Sebastian Nevel','89765467','seba@123.cl','transporte','tusca 123. laville');
Insert into UCH.CLIENTE (ID,NOMBRE,TELEFONO,CORREOELECTRONICO,RUBRO,DIRECCION) values ('126','Daniel Carmona','43527390','Daniel@123.cl','logistica','micasa 123. Paris');
Insert into UCH.CLIENTE (ID,NOMBRE,TELEFONO,CORREOELECTRONICO,RUBRO,DIRECCION) values ('127','Luis Rojas','67854982','Luis@123.cl','mineria','tucasa 123. Egipto');
Insert into UCH.CLIENTE (ID,NOMBRE,TELEFONO,CORREOELECTRONICO,RUBRO,DIRECCION) values ('128','Jose Antonio Ubeda','56783456','Jose@123.cl','transporte','calle luna 123. Viña ');
Insert into UCH.CLIENTE (ID,NOMBRE,TELEFONO,CORREOELECTRONICO,RUBRO,DIRECCION) values ('129','Filomena Pavon','9879876','Filome@123.cl','logistica','calle del agua 123. Los Andes');
Insert into UCH.CLIENTE (ID,NOMBRE,TELEFONO,CORREOELECTRONICO,RUBRO,DIRECCION) values ('120','cualquiercosa','98767654','vale@123.cl','construccion12','calle neptuno 123. villarica');
Insert into UCH.CLIENTE (ID,NOMBRE,TELEFONO,CORREOELECTRONICO,RUBRO,DIRECCION) values ('121','Souad Pascual','12347694','Sou@123.cl','psicologia','jupiter 123. marte');
Insert into UCH.CLIENTE (ID,NOMBRE,TELEFONO,CORREOELECTRONICO,RUBRO,DIRECCION) values ('122','Paz Montenegro','56345928','Paz@123.cl','recursos humanos','pluton 123. luna');
REM INSERTING into UCH.EMPLEADO
SET DEFINE OFF;
Insert into UCH.EMPLEADO (IDEMPLEADO,NOMBRE,ESPECIALIDAD) values ('101','Juan ','Asesor');
Insert into UCH.EMPLEADO (IDEMPLEADO,NOMBRE,ESPECIALIDAD) values ('1','Pedro','Gerente de Capacitaciones');
Insert into UCH.EMPLEADO (IDEMPLEADO,NOMBRE,ESPECIALIDAD) values ('93','Diego','Visitador');
Insert into UCH.EMPLEADO (IDEMPLEADO,NOMBRE,ESPECIALIDAD) values ('143','Lester','Asesor Accidentes');
Insert into UCH.EMPLEADO (IDEMPLEADO,NOMBRE,ESPECIALIDAD) values ('144','Daniel','Asesor Capacitaciones');
Insert into UCH.EMPLEADO (IDEMPLEADO,NOMBRE,ESPECIALIDAD) values ('145','Sofia','Asesor Telefonico');
Insert into UCH.EMPLEADO (IDEMPLEADO,NOMBRE,ESPECIALIDAD) values ('146','BErnarda','Asesor en control de Riesgos');
Insert into UCH.EMPLEADO (IDEMPLEADO,NOMBRE,ESPECIALIDAD) values ('147','Camila','Asesor de RRHH');
Insert into UCH.EMPLEADO (IDEMPLEADO,NOMBRE,ESPECIALIDAD) values ('148','Antonia','Gerente Asesorias');
Insert into UCH.EMPLEADO (IDEMPLEADO,NOMBRE,ESPECIALIDAD) values ('149','Matias','Gerente de Asesoria en Accidentes ');
REM INSERTING into UCH.MEJORAS
SET DEFINE OFF;
Insert into UCH.MEJORAS (IDMEJORA,FECHA,MOTIVO,ACTIVIDADES,ESTADO,CLIENTE_ID) values ('1','12-05-2020','accidente ruta camiones','reforzar señalizacion','yes','124');
Insert into UCH.MEJORAS (IDMEJORA,FECHA,MOTIVO,ACTIVIDADES,ESTADO,CLIENTE_ID) values ('2','25-03-2020','caida de andamio','reforzar anclajes','no','123');
Insert into UCH.MEJORAS (IDMEJORA,FECHA,MOTIVO,ACTIVIDADES,ESTADO,CLIENTE_ID) values ('3','22-05-2018','plagas','controlar plagas','no','120');
Insert into UCH.MEJORAS (IDMEJORA,FECHA,MOTIVO,ACTIVIDADES,ESTADO,CLIENTE_ID) values ('4','23-06-2015','riesgos ','reforzar prevencion','no','121');
Insert into UCH.MEJORAS (IDMEJORA,FECHA,MOTIVO,ACTIVIDADES,ESTADO,CLIENTE_ID) values ('5','12-07-2020','choque ','arreglar caminones','no','122');
Insert into UCH.MEJORAS (IDMEJORA,FECHA,MOTIVO,ACTIVIDADES,ESTADO,CLIENTE_ID) values ('6','17-02-2001','capacitar en riesgos','capacitacion','yes','125');
Insert into UCH.MEJORAS (IDMEJORA,FECHA,MOTIVO,ACTIVIDADES,ESTADO,CLIENTE_ID) values ('7','13-05-2017','perdida materiales','camaras','yes','126');
Insert into UCH.MEJORAS (IDMEJORA,FECHA,MOTIVO,ACTIVIDADES,ESTADO,CLIENTE_ID) values ('8','12-04-2007','pelea empleados','gestion rrhh','no','127');
Insert into UCH.MEJORAS (IDMEJORA,FECHA,MOTIVO,ACTIVIDADES,ESTADO,CLIENTE_ID) values ('9','15-09-2012','multa','legalizar docuemntos','no','128');
Insert into UCH.MEJORAS (IDMEJORA,FECHA,MOTIVO,ACTIVIDADES,ESTADO,CLIENTE_ID) values ('10','12-11-2012','multa','buscar facturas','yes','129');
Insert into UCH.MEJORAS (IDMEJORA,FECHA,MOTIVO,ACTIVIDADES,ESTADO,CLIENTE_ID) values ('11','06/06/2020','asd','asd','casi','123');
REM INSERTING into UCH.PAGOS
SET DEFINE OFF;
Insert into UCH.PAGOS (IDPAGO,MESANIO,MONTOREGULAR,MONTOADICIONALES,CLIENTE_ID) values ('1','10-2020','50000','0','120');
Insert into UCH.PAGOS (IDPAGO,MESANIO,MONTOREGULAR,MONTOADICIONALES,CLIENTE_ID) values ('2','05-2020','55000','0','121');
Insert into UCH.PAGOS (IDPAGO,MESANIO,MONTOREGULAR,MONTOADICIONALES,CLIENTE_ID) values ('3','01-2019','65000','10000','122');
Insert into UCH.PAGOS (IDPAGO,MESANIO,MONTOREGULAR,MONTOADICIONALES,CLIENTE_ID) values ('4','02-2020','35000','0','123');
Insert into UCH.PAGOS (IDPAGO,MESANIO,MONTOREGULAR,MONTOADICIONALES,CLIENTE_ID) values ('5','03-2020','45000','0','124');
Insert into UCH.PAGOS (IDPAGO,MESANIO,MONTOREGULAR,MONTOADICIONALES,CLIENTE_ID) values ('6','04-2019','60000','5000','125');
Insert into UCH.PAGOS (IDPAGO,MESANIO,MONTOREGULAR,MONTOADICIONALES,CLIENTE_ID) values ('7','03-2019','45000','5000','126');
Insert into UCH.PAGOS (IDPAGO,MESANIO,MONTOREGULAR,MONTOADICIONALES,CLIENTE_ID) values ('8','02-2020','35000','0','127');
Insert into UCH.PAGOS (IDPAGO,MESANIO,MONTOREGULAR,MONTOADICIONALES,CLIENTE_ID) values ('9','03-2020','45000','0','128');
Insert into UCH.PAGOS (IDPAGO,MESANIO,MONTOREGULAR,MONTOADICIONALES,CLIENTE_ID) values ('10','05-2020','55000','0','129');
Insert into UCH.PAGOS (IDPAGO,MESANIO,MONTOREGULAR,MONTOADICIONALES,CLIENTE_ID) values ('22','12-20','324324','234','123');
REM INSERTING into UCH.VISITAS
SET DEFINE OFF;
Insert into UCH.VISITAS (IDVISITA,DIRECCION,CIUDAD,FECHA,RESUMEN,OBSERVACIONES,CLIENTE_ID,EMPLEADO_IDEMPLEADO) values ('1','Calle sin numero','Quebrada del Aji','22-11-2020','Estaremos en contacto','ninguna','123','1');
Insert into UCH.VISITAS (IDVISITA,DIRECCION,CIUDAD,FECHA,RESUMEN,OBSERVACIONES,CLIENTE_ID,EMPLEADO_IDEMPLEADO) values ('2','Pasaje perdido','San pedro','10-05-2020','Continuamos mas tarde','postergado','124','101');
Insert into UCH.VISITAS (IDVISITA,DIRECCION,CIUDAD,FECHA,RESUMEN,OBSERVACIONES,CLIENTE_ID,EMPLEADO_IDEMPLEADO) values ('3','Perdido 12','Los Andes','12-04-2013','Falta gestion de Riesgo ','capacitar empleados','125','93');
Insert into UCH.VISITAS (IDVISITA,DIRECCION,CIUDAD,FECHA,RESUMEN,OBSERVACIONES,CLIENTE_ID,EMPLEADO_IDEMPLEADO) values ('4','Encontrado 23','San Felipe','13-04-2019','control de accidentes','controlar indumentaria','126','143');
Insert into UCH.VISITAS (IDVISITA,DIRECCION,CIUDAD,FECHA,RESUMEN,OBSERVACIONES,CLIENTE_ID,EMPLEADO_IDEMPLEADO) values ('5','Calle 75','Quillota','15-08-2015','control de plagas','buscar como sacar las ratas','127','144');
Insert into UCH.VISITAS (IDVISITA,DIRECCION,CIUDAD,FECHA,RESUMEN,OBSERVACIONES,CLIENTE_ID,EMPLEADO_IDEMPLEADO) values ('6','Calle 67','Calera','12-04-2014','certificar personal ','buscar empresa de certificacion','128','145');
Insert into UCH.VISITAS (IDVISITA,DIRECCION,CIUDAD,FECHA,RESUMEN,OBSERVACIONES,CLIENTE_ID,EMPLEADO_IDEMPLEADO) values ('7','Calle 45','La Cruz','21-01-2000','capacitar personal de rrhh','educapersonal.com','129','146');
Insert into UCH.VISITAS (IDVISITA,DIRECCION,CIUDAD,FECHA,RESUMEN,OBSERVACIONES,CLIENTE_ID,EMPLEADO_IDEMPLEADO) values ('8','Calle 89','Concon ','23-04-2018','Ejecutar control de calidad','realizar control con encargado','120','147');
Insert into UCH.VISITAS (IDVISITA,DIRECCION,CIUDAD,FECHA,RESUMEN,OBSERVACIONES,CLIENTE_ID,EMPLEADO_IDEMPLEADO) values ('9','Calle 45','Viña del mar ','27-09-2015','Control de merma','camaras','121','148');
Insert into UCH.VISITAS (IDVISITA,DIRECCION,CIUDAD,FECHA,RESUMEN,OBSERVACIONES,CLIENTE_ID,EMPLEADO_IDEMPLEADO) values ('10','Calle 345','Valparaiso','16-05-2013','Gps Camiones ','seguimiento flota','122','149');
--------------------------------------------------------
--  DDL for Index ACCIDENTES_PK
--------------------------------------------------------

  CREATE UNIQUE INDEX "UCH"."ACCIDENTES_PK" ON "UCH"."ACCIDENTES" ("IDACCIDENTE") 
  PCTFREE 10 INITRANS 2 MAXTRANS 255 COMPUTE STATISTICS 
  STORAGE(INITIAL 65536 NEXT 1048576 MINEXTENTS 1 MAXEXTENTS 2147483645
  PCTINCREASE 0 FREELISTS 1 FREELIST GROUPS 1 BUFFER_POOL DEFAULT FLASH_CACHE DEFAULT CELL_FLASH_CACHE DEFAULT)
  TABLESPACE "SYSTEM" ;
--------------------------------------------------------
--  DDL for Index ASESORIAS_PK
--------------------------------------------------------

  CREATE UNIQUE INDEX "UCH"."ASESORIAS_PK" ON "UCH"."ASESORIAS" ("IDASESORIA") 
  PCTFREE 10 INITRANS 2 MAXTRANS 255 COMPUTE STATISTICS 
  STORAGE(INITIAL 65536 NEXT 1048576 MINEXTENTS 1 MAXEXTENTS 2147483645
  PCTINCREASE 0 FREELISTS 1 FREELIST GROUPS 1 BUFFER_POOL DEFAULT FLASH_CACHE DEFAULT CELL_FLASH_CACHE DEFAULT)
  TABLESPACE "SYSTEM" ;
--------------------------------------------------------
--  DDL for Index CAPACITACIONES_PK
--------------------------------------------------------

  CREATE UNIQUE INDEX "UCH"."CAPACITACIONES_PK" ON "UCH"."CAPACITACIONES" ("IDCAPACITACION") 
  PCTFREE 10 INITRANS 2 MAXTRANS 255 COMPUTE STATISTICS 
  STORAGE(INITIAL 65536 NEXT 1048576 MINEXTENTS 1 MAXEXTENTS 2147483645
  PCTINCREASE 0 FREELISTS 1 FREELIST GROUPS 1 BUFFER_POOL DEFAULT FLASH_CACHE DEFAULT CELL_FLASH_CACHE DEFAULT)
  TABLESPACE "SYSTEM" ;
--------------------------------------------------------
--  DDL for Index CHEQUEO_PK
--------------------------------------------------------

  CREATE UNIQUE INDEX "UCH"."CHEQUEO_PK" ON "UCH"."CHEQUEO" ("IDCHEQUEO") 
  PCTFREE 10 INITRANS 2 MAXTRANS 255 COMPUTE STATISTICS 
  STORAGE(INITIAL 65536 NEXT 1048576 MINEXTENTS 1 MAXEXTENTS 2147483645
  PCTINCREASE 0 FREELISTS 1 FREELIST GROUPS 1 BUFFER_POOL DEFAULT FLASH_CACHE DEFAULT CELL_FLASH_CACHE DEFAULT)
  TABLESPACE "SYSTEM" ;
--------------------------------------------------------
--  DDL for Index CLIENTE_PK
--------------------------------------------------------

  CREATE UNIQUE INDEX "UCH"."CLIENTE_PK" ON "UCH"."CLIENTE" ("ID") 
  PCTFREE 10 INITRANS 2 MAXTRANS 255 COMPUTE STATISTICS 
  STORAGE(INITIAL 65536 NEXT 1048576 MINEXTENTS 1 MAXEXTENTS 2147483645
  PCTINCREASE 0 FREELISTS 1 FREELIST GROUPS 1 BUFFER_POOL DEFAULT FLASH_CACHE DEFAULT CELL_FLASH_CACHE DEFAULT)
  TABLESPACE "SYSTEM" ;
--------------------------------------------------------
--  DDL for Index EMPLEADO_PK
--------------------------------------------------------

  CREATE UNIQUE INDEX "UCH"."EMPLEADO_PK" ON "UCH"."EMPLEADO" ("IDEMPLEADO") 
  PCTFREE 10 INITRANS 2 MAXTRANS 255 COMPUTE STATISTICS 
  STORAGE(INITIAL 65536 NEXT 1048576 MINEXTENTS 1 MAXEXTENTS 2147483645
  PCTINCREASE 0 FREELISTS 1 FREELIST GROUPS 1 BUFFER_POOL DEFAULT FLASH_CACHE DEFAULT CELL_FLASH_CACHE DEFAULT)
  TABLESPACE "SYSTEM" ;
--------------------------------------------------------
--  DDL for Index MEJORAS_PK
--------------------------------------------------------

  CREATE UNIQUE INDEX "UCH"."MEJORAS_PK" ON "UCH"."MEJORAS" ("IDMEJORA") 
  PCTFREE 10 INITRANS 2 MAXTRANS 255 COMPUTE STATISTICS 
  STORAGE(INITIAL 65536 NEXT 1048576 MINEXTENTS 1 MAXEXTENTS 2147483645
  PCTINCREASE 0 FREELISTS 1 FREELIST GROUPS 1 BUFFER_POOL DEFAULT FLASH_CACHE DEFAULT CELL_FLASH_CACHE DEFAULT)
  TABLESPACE "SYSTEM" ;
--------------------------------------------------------
--  DDL for Index VISITAS_PK
--------------------------------------------------------

  CREATE UNIQUE INDEX "UCH"."VISITAS_PK" ON "UCH"."VISITAS" ("IDVISITA") 
  PCTFREE 10 INITRANS 2 MAXTRANS 255 COMPUTE STATISTICS 
  STORAGE(INITIAL 65536 NEXT 1048576 MINEXTENTS 1 MAXEXTENTS 2147483645
  PCTINCREASE 0 FREELISTS 1 FREELIST GROUPS 1 BUFFER_POOL DEFAULT FLASH_CACHE DEFAULT CELL_FLASH_CACHE DEFAULT)
  TABLESPACE "SYSTEM" ;
--------------------------------------------------------
--  DDL for Trigger EMPLEADO_TRG
--------------------------------------------------------

  CREATE OR REPLACE TRIGGER "UCH"."EMPLEADO_TRG" 
BEFORE INSERT ON EMPLEADO 
FOR EACH ROW 
BEGIN
  <<COLUMN_SEQUENCES>>
  BEGIN
    NULL;
  END COLUMN_SEQUENCES;
END;
/
ALTER TRIGGER "UCH"."EMPLEADO_TRG" ENABLE;
--------------------------------------------------------
--  DDL for Trigger VISITAS_TRG
--------------------------------------------------------

  CREATE OR REPLACE TRIGGER "UCH"."VISITAS_TRG" 
BEFORE INSERT ON VISITAS 
FOR EACH ROW 
BEGIN
  <<COLUMN_SEQUENCES>>
  BEGIN
    NULL;
  END COLUMN_SEQUENCES;
END;
/
ALTER TRIGGER "UCH"."VISITAS_TRG" ENABLE;
--------------------------------------------------------
--  Constraints for Table ACCIDENTES
--------------------------------------------------------

  ALTER TABLE "UCH"."ACCIDENTES" ADD CONSTRAINT "ACCIDENTES_PK" PRIMARY KEY ("IDACCIDENTE")
  USING INDEX PCTFREE 10 INITRANS 2 MAXTRANS 255 COMPUTE STATISTICS 
  STORAGE(INITIAL 65536 NEXT 1048576 MINEXTENTS 1 MAXEXTENTS 2147483645
  PCTINCREASE 0 FREELISTS 1 FREELIST GROUPS 1 BUFFER_POOL DEFAULT FLASH_CACHE DEFAULT CELL_FLASH_CACHE DEFAULT)
  TABLESPACE "SYSTEM"  ENABLE;
  ALTER TABLE "UCH"."ACCIDENTES" MODIFY ("CLIENTE_ID" NOT NULL ENABLE);
  ALTER TABLE "UCH"."ACCIDENTES" MODIFY ("LUGAR" NOT NULL ENABLE);
  ALTER TABLE "UCH"."ACCIDENTES" MODIFY ("SUCESO" NOT NULL ENABLE);
  ALTER TABLE "UCH"."ACCIDENTES" MODIFY ("HORA" NOT NULL ENABLE);
  ALTER TABLE "UCH"."ACCIDENTES" MODIFY ("FECHA" NOT NULL ENABLE);
  ALTER TABLE "UCH"."ACCIDENTES" MODIFY ("IDACCIDENTE" NOT NULL ENABLE);
--------------------------------------------------------
--  Constraints for Table ASESORIAS
--------------------------------------------------------

  ALTER TABLE "UCH"."ASESORIAS" ADD CONSTRAINT "ASESORIAS_PK" PRIMARY KEY ("IDASESORIA")
  USING INDEX PCTFREE 10 INITRANS 2 MAXTRANS 255 COMPUTE STATISTICS 
  STORAGE(INITIAL 65536 NEXT 1048576 MINEXTENTS 1 MAXEXTENTS 2147483645
  PCTINCREASE 0 FREELISTS 1 FREELIST GROUPS 1 BUFFER_POOL DEFAULT FLASH_CACHE DEFAULT CELL_FLASH_CACHE DEFAULT)
  TABLESPACE "SYSTEM"  ENABLE;
  ALTER TABLE "UCH"."ASESORIAS" MODIFY ("VISITAS_IDVISITA" NOT NULL ENABLE);
  ALTER TABLE "UCH"."ASESORIAS" MODIFY ("GESTION" NOT NULL ENABLE);
  ALTER TABLE "UCH"."ASESORIAS" MODIFY ("IDASESORIA" NOT NULL ENABLE);
--------------------------------------------------------
--  Constraints for Table CAPACITACIONES
--------------------------------------------------------

  ALTER TABLE "UCH"."CAPACITACIONES" ADD CONSTRAINT "CAPACITACIONES_PK" PRIMARY KEY ("IDCAPACITACION")
  USING INDEX PCTFREE 10 INITRANS 2 MAXTRANS 255 COMPUTE STATISTICS 
  STORAGE(INITIAL 65536 NEXT 1048576 MINEXTENTS 1 MAXEXTENTS 2147483645
  PCTINCREASE 0 FREELISTS 1 FREELIST GROUPS 1 BUFFER_POOL DEFAULT FLASH_CACHE DEFAULT CELL_FLASH_CACHE DEFAULT)
  TABLESPACE "SYSTEM"  ENABLE;
  ALTER TABLE "UCH"."CAPACITACIONES" MODIFY ("VISITAS_IDVISITA" NOT NULL ENABLE);
  ALTER TABLE "UCH"."CAPACITACIONES" MODIFY ("HORA" NOT NULL ENABLE);
  ALTER TABLE "UCH"."CAPACITACIONES" MODIFY ("FECHA" NOT NULL ENABLE);
  ALTER TABLE "UCH"."CAPACITACIONES" MODIFY ("IDCAPACITACION" NOT NULL ENABLE);
--------------------------------------------------------
--  Constraints for Table CHEQUEO
--------------------------------------------------------

  ALTER TABLE "UCH"."CHEQUEO" ADD CONSTRAINT "CHEQUEO_PK" PRIMARY KEY ("IDCHEQUEO")
  USING INDEX PCTFREE 10 INITRANS 2 MAXTRANS 255 COMPUTE STATISTICS 
  STORAGE(INITIAL 65536 NEXT 1048576 MINEXTENTS 1 MAXEXTENTS 2147483645
  PCTINCREASE 0 FREELISTS 1 FREELIST GROUPS 1 BUFFER_POOL DEFAULT FLASH_CACHE DEFAULT CELL_FLASH_CACHE DEFAULT)
  TABLESPACE "SYSTEM"  ENABLE;
  ALTER TABLE "UCH"."CHEQUEO" MODIFY ("VISITAS_IDVISITA" NOT NULL ENABLE);
  ALTER TABLE "UCH"."CHEQUEO" MODIFY ("ESTADO" NOT NULL ENABLE);
  ALTER TABLE "UCH"."CHEQUEO" MODIFY ("DETALLE" NOT NULL ENABLE);
  ALTER TABLE "UCH"."CHEQUEO" MODIFY ("IDCHEQUEO" NOT NULL ENABLE);
--------------------------------------------------------
--  Constraints for Table CLIENTE
--------------------------------------------------------

  ALTER TABLE "UCH"."CLIENTE" ADD CONSTRAINT "CLIENTE_PK" PRIMARY KEY ("ID")
  USING INDEX PCTFREE 10 INITRANS 2 MAXTRANS 255 COMPUTE STATISTICS 
  STORAGE(INITIAL 65536 NEXT 1048576 MINEXTENTS 1 MAXEXTENTS 2147483645
  PCTINCREASE 0 FREELISTS 1 FREELIST GROUPS 1 BUFFER_POOL DEFAULT FLASH_CACHE DEFAULT CELL_FLASH_CACHE DEFAULT)
  TABLESPACE "SYSTEM"  ENABLE;
  ALTER TABLE "UCH"."CLIENTE" MODIFY ("DIRECCION" NOT NULL ENABLE);
  ALTER TABLE "UCH"."CLIENTE" MODIFY ("NOMBRE" NOT NULL ENABLE);
  ALTER TABLE "UCH"."CLIENTE" MODIFY ("ID" NOT NULL ENABLE);
--------------------------------------------------------
--  Constraints for Table EMPLEADO
--------------------------------------------------------

  ALTER TABLE "UCH"."EMPLEADO" ADD CONSTRAINT "EMPLEADO_PK" PRIMARY KEY ("IDEMPLEADO")
  USING INDEX PCTFREE 10 INITRANS 2 MAXTRANS 255 COMPUTE STATISTICS 
  STORAGE(INITIAL 65536 NEXT 1048576 MINEXTENTS 1 MAXEXTENTS 2147483645
  PCTINCREASE 0 FREELISTS 1 FREELIST GROUPS 1 BUFFER_POOL DEFAULT FLASH_CACHE DEFAULT CELL_FLASH_CACHE DEFAULT)
  TABLESPACE "SYSTEM"  ENABLE;
  ALTER TABLE "UCH"."EMPLEADO" MODIFY ("NOMBRE" NOT NULL ENABLE);
  ALTER TABLE "UCH"."EMPLEADO" MODIFY ("IDEMPLEADO" NOT NULL ENABLE);
--------------------------------------------------------
--  Constraints for Table MEJORAS
--------------------------------------------------------

  ALTER TABLE "UCH"."MEJORAS" ADD CONSTRAINT "MEJORAS_PK" PRIMARY KEY ("IDMEJORA")
  USING INDEX PCTFREE 10 INITRANS 2 MAXTRANS 255 COMPUTE STATISTICS 
  STORAGE(INITIAL 65536 NEXT 1048576 MINEXTENTS 1 MAXEXTENTS 2147483645
  PCTINCREASE 0 FREELISTS 1 FREELIST GROUPS 1 BUFFER_POOL DEFAULT FLASH_CACHE DEFAULT CELL_FLASH_CACHE DEFAULT)
  TABLESPACE "SYSTEM"  ENABLE;
  ALTER TABLE "UCH"."MEJORAS" MODIFY ("CLIENTE_ID" NOT NULL ENABLE);
  ALTER TABLE "UCH"."MEJORAS" MODIFY ("IDMEJORA" NOT NULL ENABLE);
--------------------------------------------------------
--  Constraints for Table PAGOS
--------------------------------------------------------

  ALTER TABLE "UCH"."PAGOS" MODIFY ("CLIENTE_ID" NOT NULL ENABLE);
  ALTER TABLE "UCH"."PAGOS" MODIFY ("MESANIO" NOT NULL ENABLE);
  ALTER TABLE "UCH"."PAGOS" MODIFY ("IDPAGO" NOT NULL ENABLE);
--------------------------------------------------------
--  Constraints for Table VISITAS
--------------------------------------------------------

  ALTER TABLE "UCH"."VISITAS" ADD CONSTRAINT "VISITAS_PK" PRIMARY KEY ("IDVISITA")
  USING INDEX PCTFREE 10 INITRANS 2 MAXTRANS 255 COMPUTE STATISTICS 
  STORAGE(INITIAL 65536 NEXT 1048576 MINEXTENTS 1 MAXEXTENTS 2147483645
  PCTINCREASE 0 FREELISTS 1 FREELIST GROUPS 1 BUFFER_POOL DEFAULT FLASH_CACHE DEFAULT CELL_FLASH_CACHE DEFAULT)
  TABLESPACE "SYSTEM"  ENABLE;
  ALTER TABLE "UCH"."VISITAS" MODIFY ("EMPLEADO_IDEMPLEADO" NOT NULL ENABLE);
  ALTER TABLE "UCH"."VISITAS" MODIFY ("CLIENTE_ID" NOT NULL ENABLE);
  ALTER TABLE "UCH"."VISITAS" MODIFY ("IDVISITA" NOT NULL ENABLE);
--------------------------------------------------------
--  Ref Constraints for Table ACCIDENTES
--------------------------------------------------------

  ALTER TABLE "UCH"."ACCIDENTES" ADD CONSTRAINT "ACCIDENTES_CLIENTE_FK" FOREIGN KEY ("CLIENTE_ID")
	  REFERENCES "UCH"."CLIENTE" ("ID") ENABLE;
--------------------------------------------------------
--  Ref Constraints for Table ASESORIAS
--------------------------------------------------------

  ALTER TABLE "UCH"."ASESORIAS" ADD CONSTRAINT "ASESORIAS_VISITAS_FK" FOREIGN KEY ("VISITAS_IDVISITA")
	  REFERENCES "UCH"."VISITAS" ("IDVISITA") ENABLE;
--------------------------------------------------------
--  Ref Constraints for Table CAPACITACIONES
--------------------------------------------------------

  ALTER TABLE "UCH"."CAPACITACIONES" ADD CONSTRAINT "CAPACITACIONES_VISITAS_FK" FOREIGN KEY ("VISITAS_IDVISITA")
	  REFERENCES "UCH"."VISITAS" ("IDVISITA") ENABLE;
--------------------------------------------------------
--  Ref Constraints for Table CHEQUEO
--------------------------------------------------------

  ALTER TABLE "UCH"."CHEQUEO" ADD CONSTRAINT "CHEQUEO_VISITAS_FK" FOREIGN KEY ("VISITAS_IDVISITA")
	  REFERENCES "UCH"."VISITAS" ("IDVISITA") ENABLE;
--------------------------------------------------------
--  Ref Constraints for Table MEJORAS
--------------------------------------------------------

  ALTER TABLE "UCH"."MEJORAS" ADD CONSTRAINT "MEJORAS_CLIENTE_FK" FOREIGN KEY ("CLIENTE_ID")
	  REFERENCES "UCH"."CLIENTE" ("ID") ENABLE;
--------------------------------------------------------
--  Ref Constraints for Table VISITAS
--------------------------------------------------------

  ALTER TABLE "UCH"."VISITAS" ADD CONSTRAINT "VISITAS_CLIENTE_FK" FOREIGN KEY ("CLIENTE_ID")
	  REFERENCES "UCH"."CLIENTE" ("ID") ENABLE;
  ALTER TABLE "UCH"."VISITAS" ADD CONSTRAINT "VISITAS_EMPLEADO_FK" FOREIGN KEY ("EMPLEADO_IDEMPLEADO")
	  REFERENCES "UCH"."EMPLEADO" ("IDEMPLEADO") ENABLE;
